nameWithOwner,url,createdAt,commitedDate,commitCountAfterFork,number_of_insertion_lines,number_of_deletion_lines,number_of_insertion_lines_in_readme,number_of_deletion_lines_in_readme,number_of_create_files,number_of_delete_files
bogdanbiv/relay-fullstack,https://github.com/bogdanbiv/relay-fullstack,2016-03-31T04:11:58+09,2016-04-01T05:24:23+09,1,51,0,0,0,2,0
jg123/relay-fullstack,https://github.com/jg123/relay-fullstack,2016-04-07T00:20:06+09,2016-04-07T00:34:45+09,1,6,8,0,0,0,0
er361/mebelSite2,https://github.com/er361/mebelSite2,2016-05-01T07:28:50+09,2016-05-28T20:50:53+09,14,180998,809,73,80,604,12
pipemachine/relay-fullstack,https://github.com/pipemachine/relay-fullstack,2016-06-16T15:47:43+09,2016-12-27T09:54:12+09,19,1290,384,0,177,7,21
AndrewBresee/relay-fullstack,https://github.com/AndrewBresee/relay-fullstack,2016-07-19T06:35:11+09,2016-08-02T06:26:04+09,30,406,375,0,0,3,0
narongdejsrn/relay-fullstack,https://github.com/narongdejsrn/relay-fullstack,2016-07-24T01:42:21+09,2016-08-01T14:09:50+09,5,467,58,0,0,6,19
Rohit-cheddr/relay-fullstack,https://github.com/Rohit-cheddr/relay-fullstack,2016-08-13T04:52:58+09,2016-08-15T15:56:28+09,2,3,2,0,0,0,0
arnif/relay-fullstack,https://github.com/arnif/relay-fullstack,2016-10-13T08:28:09+09,2016-10-13T08:30:22+09,1,4,2,0,0,0,0
crucialfelix/relay-fullstack,https://github.com/crucialfelix/relay-fullstack,2016-10-30T19:52:33+09,2016-11-01T17:46:10+09,1,158,0,0,0,1,0
DaveyEdwards/relay-fullstack-graffiti-mongoose,https://github.com/DaveyEdwards/relay-fullstack-graffiti-mongoose,2016-12-12T07:43:21+09,2016-12-20T04:21:28+09,2,2366,532,0,0,7,1
Extra-lightwill/sql-demo-fork-rfs,https://github.com/Extra-lightwill/sql-demo-fork-rfs,2017-02-23T07:49:27+09,2017-03-02T20:40:05+09,8,3230,602,2,174,24,7
pabloasc/crud-relay-fullstack,https://github.com/pabloasc/crud-relay-fullstack,2017-03-17T11:18:13+09,2017-05-20T01:26:11+09,4,537,394,4,60,6,14
BlakeBrown/relay-fullstack,https://github.com/BlakeBrown/relay-fullstack,2017-03-24T19:26:07+09,2017-03-24T19:27:15+09,1,1,1,0,0,0,0
claym/relay-fullstack,https://github.com/claym/relay-fullstack,2017-07-06T07:08:46+09,2017-07-06T08:57:12+09,1,2,1,0,0,0,0
OuyeXie/relay-fullstack,https://github.com/OuyeXie/relay-fullstack,2017-08-31T05:06:22+09,2017-10-12T10:43:31+09,38,23383,570,256,0,83,0
caioflores/relay-fullstack,https://github.com/caioflores/relay-fullstack,2017-10-03T09:29:30+09,2017-10-03T10:25:29+09,3,164,25,0,0,2,0
stenalpjolly/relay-fullstack,https://github.com/stenalpjolly/relay-fullstack,2019-08-01T12:58:33+09,2019-08-01T13:03:25+09,1,0,11501,0,0,0,1
