"nameWithOwner","url","createdAt","committedDate","commitCountAfterFork"
"Mathisdifficult/MetingJS","https://github.com/Mathisdifficult/MetingJS","2018-01-06T15:23:32Z","2019-02-27T08:42:07Z",8
"PeterLimao/MetingJS","https://github.com/PeterLimao/MetingJS","2018-01-12T06:38:43Z","2017-11-18T03:12:40Z",0
"NLcoin/MetingJS","https://github.com/NLcoin/MetingJS","2018-03-28T02:44:00Z","2018-03-12T11:45:19Z",0
"haiwx/MetingJS","https://github.com/haiwx/MetingJS","2018-05-06T04:53:02Z","2018-03-12T11:45:19Z",0
"oldthreefeng/MetingJS","https://github.com/oldthreefeng/MetingJS","2018-06-14T11:14:02Z","2018-06-02T03:48:49Z",0
"kimmy-wang/MetingJS","https://github.com/kimmy-wang/MetingJS","2018-06-20T10:53:01Z","2018-06-02T03:48:49Z",0
"ZodiacWind/MetingJS","https://github.com/ZodiacWind/MetingJS","2018-06-23T18:50:54Z","2018-06-23T18:53:17Z",1
"cnsuhao/MetingJS","https://github.com/cnsuhao/MetingJS","2018-08-21T01:39:23Z","2018-06-02T03:48:49Z",0
"moocstudent/MetingJS","https://github.com/moocstudent/MetingJS","2018-10-16T01:46:07Z","2018-10-07T10:47:31Z",0
"cokeenet/MetingJS","https://github.com/cokeenet/MetingJS","2018-12-21T13:34:36Z","2018-10-07T10:47:31Z",0
"roinlym/MetingJS","https://github.com/roinlym/MetingJS","2019-02-28T06:23:11Z","2019-02-27T08:42:07Z",0
"lmh30600690/MetingJS","https://github.com/lmh30600690/MetingJS","2019-06-11T12:36:28Z","2019-02-27T08:42:07Z",0
"qfmx/MetingJS","https://github.com/qfmx/MetingJS","2019-06-19T02:51:23Z","2019-02-27T08:42:07Z",0
"linzx91/MetingJS","https://github.com/linzx91/MetingJS","2019-06-30T18:53:58Z","2019-02-27T08:42:07Z",0
"ddhsa/MetingJS","https://github.com/ddhsa/MetingJS","2019-07-03T03:56:41Z","2019-02-27T08:42:07Z",0
"zhseasm/MetingJS","https://github.com/zhseasm/MetingJS","2019-07-05T02:56:25Z","2019-02-27T08:42:07Z",0
"RocGit/MetingJS","https://github.com/RocGit/MetingJS","2019-07-17T05:42:53Z","2019-02-27T08:42:07Z",0
"alucardwind/MetingJS","https://github.com/alucardwind/MetingJS","2019-08-08T06:07:31Z","2019-02-27T08:42:07Z",0
"aaron-xue/MetingJS","https://github.com/aaron-xue/MetingJS","2019-08-12T13:16:16Z","2019-02-27T08:42:07Z",0
"kinchuam/MetingJS","https://github.com/kinchuam/MetingJS","2019-08-26T11:05:36Z","2019-02-27T08:42:07Z",0
"mingyue5826/MetingJS","https://github.com/mingyue5826/MetingJS","2019-09-18T16:42:47Z","2019-02-27T08:42:07Z",0
"Hayato-Kazami/MetingJS","https://github.com/Hayato-Kazami/MetingJS","2019-10-09T08:43:28Z","2019-02-27T08:42:07Z",0
"QuietClickCode/MetingJS","https://github.com/QuietClickCode/MetingJS","2019-10-26T11:36:34Z","2019-02-27T08:42:07Z",0
"sillybobo/MetingJS","https://github.com/sillybobo/MetingJS","2019-10-28T05:47:25Z","2019-02-27T08:42:07Z",0
"shebaoting/MetingJS","https://github.com/shebaoting/MetingJS","2019-11-02T13:15:58Z","2019-02-27T08:42:07Z",0
"YelonhimX/MetingJS","https://github.com/YelonhimX/MetingJS","2019-11-08T11:25:36Z","2019-02-27T08:42:07Z",0
"acclaim11/MetingJS","https://github.com/acclaim11/MetingJS","2019-11-25T20:21:41Z","2019-02-27T08:42:07Z",0
"Lemon2911/MetingJS","https://github.com/Lemon2911/MetingJS","2019-12-07T18:55:00Z","2019-02-27T08:42:07Z",0
"mybbsky2012/MetingJS","https://github.com/mybbsky2012/MetingJS","2019-12-16T07:27:54Z","2019-02-27T08:42:07Z",0
"WigeHuang/MetingJS","https://github.com/WigeHuang/MetingJS","2019-12-20T01:51:59Z","2019-02-27T08:42:07Z",0
"jerseyx/MetingJS","https://github.com/jerseyx/MetingJS","2019-12-24T08:15:26Z","2019-02-27T08:42:07Z",0
"zz412000428/MetingJS","https://github.com/zz412000428/MetingJS","2020-01-02T16:18:33Z","2019-02-27T08:42:07Z",0
"CurtainTears/MetingJS","https://github.com/CurtainTears/MetingJS","2020-01-22T03:38:45Z","2019-02-27T08:42:07Z",0
"fakegit/MetingJS","https://github.com/fakegit/MetingJS","2020-03-07T14:05:43Z","2019-02-27T08:42:07Z",0
"Sherlockouo/MetingJS","https://github.com/Sherlockouo/MetingJS","2020-03-10T04:07:33Z","2019-02-27T08:42:07Z",0
"yuhaozhai/MetingJS","https://github.com/yuhaozhai/MetingJS","2020-03-19T00:27:43Z","2019-02-27T08:42:07Z",0
"CN-Robert-LIU/MetingJS","https://github.com/CN-Robert-LIU/MetingJS","2020-04-06T11:50:26Z","2020-04-07T13:25:40Z",4
"shenshilei1022/MetingJS","https://github.com/shenshilei1022/MetingJS","2020-04-11T10:09:19Z","2019-02-27T08:42:07Z",0
"iamlvtu/MetingJS","https://github.com/iamlvtu/MetingJS","2020-04-12T09:37:48Z","2019-02-27T08:42:07Z",0
"imlzc/MetingJS","https://github.com/imlzc/MetingJS","2020-04-18T14:05:35Z","2019-02-27T08:42:07Z",0
"Summer1000Fox/MetingJS","https://github.com/Summer1000Fox/MetingJS","2020-04-22T11:06:57Z","2019-02-27T08:42:07Z",0
"luoxiangfan/MetingJS","https://github.com/luoxiangfan/MetingJS","2020-04-23T06:09:32Z","2019-02-27T08:42:07Z",0
"angeyflame/MetingJS","https://github.com/angeyflame/MetingJS","2020-04-26T03:42:47Z","2019-02-27T08:42:07Z",0
"azhan1998/MetingJS","https://github.com/azhan1998/MetingJS","2020-04-26T03:44:33Z","2019-02-27T08:42:07Z",0
"wangpanqiao/MetingJS","https://github.com/wangpanqiao/MetingJS","2020-04-28T13:38:15Z","2019-02-27T08:42:07Z",0
"woe-knite/MetingJS","https://github.com/woe-knite/MetingJS","2020-04-29T00:11:31Z","2019-02-27T08:42:07Z",0
"GitHub-Favorites/MetingJS","https://github.com/GitHub-Favorites/MetingJS","2020-05-10T16:41:56Z","2019-02-27T08:42:07Z",0
"wangenci/MetingJS","https://github.com/wangenci/MetingJS","2020-06-19T06:56:42Z","2019-02-27T08:42:07Z",0
"krisyun/MetingJS","https://github.com/krisyun/MetingJS","2020-07-06T09:17:49Z","2019-02-27T08:42:07Z",0
"jacksunhack/MetingJS","https://github.com/jacksunhack/MetingJS","2020-07-17T06:23:42Z","2019-02-27T08:42:07Z",0
"meng80000/MetingJS","https://github.com/meng80000/MetingJS","2020-07-18T14:58:21Z","2019-02-27T08:42:07Z",0
"Mengbuxiu/MetingJS","https://github.com/Mengbuxiu/MetingJS","2020-07-19T10:05:26Z","2019-02-27T08:42:07Z",0
"YagamiHikari/MetingJS","https://github.com/YagamiHikari/MetingJS","2020-07-20T23:07:33Z","2019-02-27T08:42:07Z",0
"Whitestorys/MetingJS","https://github.com/Whitestorys/MetingJS","2020-08-14T08:44:49Z","2019-02-27T08:42:07Z",0
"lv1314520/MetingJS","https://github.com/lv1314520/MetingJS","2020-08-15T02:02:31Z","2019-02-27T08:42:07Z",0
"sc419/MetingJS","https://github.com/sc419/MetingJS","2020-08-16T15:19:45Z","2019-02-27T08:42:07Z",0
"CharlesShine/MetingJS","https://github.com/CharlesShine/MetingJS","2020-09-13T03:45:21Z","2019-02-27T08:42:07Z",0
"asdlei99/MetingJS","https://github.com/asdlei99/MetingJS","2020-11-24T09:02:40Z","2019-02-27T08:42:07Z",0
"Leader755/MetingJS","https://github.com/Leader755/MetingJS","2021-01-15T17:11:26Z","2019-02-27T08:42:07Z",0
"pixcati/MetingJS","https://github.com/pixcati/MetingJS","2021-01-19T20:00:42Z","2021-02-06T13:12:50Z",2
"deanls1/MetingJS","https://github.com/deanls1/MetingJS","2021-01-27T09:26:00Z","2019-02-27T08:42:07Z",0
"team1368/MetingJS","https://github.com/team1368/MetingJS","2021-01-27T16:25:09Z","2019-02-27T08:42:07Z",0
"algate/MetingJS","https://github.com/algate/MetingJS","2021-02-08T00:02:39Z","2019-02-27T08:42:07Z",0
"Collectionsbox/MetingJS","https://github.com/Collectionsbox/MetingJS","2021-02-19T19:15:50Z","2019-02-27T08:42:07Z",0
"peartown/MetingJS","https://github.com/peartown/MetingJS","2021-02-20T05:16:48Z","2019-02-27T08:42:07Z",0
"hajeekn/MetingJS","https://github.com/hajeekn/MetingJS","2021-02-24T06:03:00Z","2019-02-27T08:42:07Z",0
"h1069610309/MetingJS","https://github.com/h1069610309/MetingJS","2021-02-24T13:22:19Z","2019-02-27T08:42:07Z",0
"smallsixFight/MetingJS","https://github.com/smallsixFight/MetingJS","2021-03-01T08:21:22Z","2019-02-27T08:42:07Z",0
"feiyu0/MetingJS","https://github.com/feiyu0/MetingJS","2021-03-31T09:09:02Z","2019-02-27T08:42:07Z",0
"MHH215/MetingJS","https://github.com/MHH215/MetingJS","2021-04-12T12:09:38Z","2019-02-27T08:42:07Z",0
"leadline/MetingJS","https://github.com/leadline/MetingJS","2021-04-19T01:36:15Z","2019-02-27T08:42:07Z",0
"MrBlueWhale/MetingJS","https://github.com/MrBlueWhale/MetingJS","2021-04-20T15:32:45Z","2019-02-27T08:42:07Z",0
"chuchaochao/MetingJS","https://github.com/chuchaochao/MetingJS","2021-04-26T09:14:44Z","2019-02-27T08:42:07Z",0
"Vanisper/MetingJS","https://github.com/Vanisper/MetingJS","2021-05-10T14:41:03Z","2019-02-27T08:42:07Z",0
"mashirozx/MetingJS","https://github.com/mashirozx/MetingJS","2021-05-14T08:55:43Z","2021-05-16T06:29:17Z",3
"cnxingyu/MetingJS","https://github.com/cnxingyu/MetingJS","2021-06-04T00:58:10Z","2019-02-27T08:42:07Z",0
"qiaohaoforever/MetingJS","https://github.com/qiaohaoforever/MetingJS","2021-06-09T10:06:38Z","2019-02-27T08:42:07Z",0
"shyn0121/MetingJS","https://github.com/shyn0121/MetingJS","2021-06-22T07:59:18Z","2019-02-27T08:42:07Z",0
"pzloveyou/MetingJS","https://github.com/pzloveyou/MetingJS","2021-07-10T06:34:13Z","2019-02-27T08:42:07Z",0
"winkxx/MetingJS","https://github.com/winkxx/MetingJS","2021-07-18T12:52:56Z","2019-02-27T08:42:07Z",0
"CosmosZ-code/MetingJS","https://github.com/CosmosZ-code/MetingJS","2021-08-08T11:21:50Z","2019-02-27T08:42:07Z",0
"Alex-Yimiu/MetingJS","https://github.com/Alex-Yimiu/MetingJS","2021-08-09T10:00:18Z","2019-02-27T08:42:07Z",0
"prince-king/MetingJS","https://github.com/prince-king/MetingJS","2021-09-27T02:15:44Z","2019-02-27T08:42:07Z",0
"feiyuthomas/MetingJS","https://github.com/feiyuthomas/MetingJS","2021-09-28T09:16:36Z","2019-02-27T08:42:07Z",0
"appotry/MetingJS","https://github.com/appotry/MetingJS","2021-11-08T04:11:04Z","2019-02-27T08:42:07Z",0
"HJ15518823336/MetingJS","https://github.com/HJ15518823336/MetingJS","2021-12-08T03:28:23Z","2019-02-27T08:42:07Z",0
"Eleven-Ding/MetingJS","https://github.com/Eleven-Ding/MetingJS","2021-12-22T08:57:51Z","2019-02-27T08:42:07Z",0
"lwd-temp/MetingJS","https://github.com/lwd-temp/MetingJS","2021-12-22T10:59:40Z","2019-02-27T08:42:07Z",0
"hxm456/MetingJS","https://github.com/hxm456/MetingJS","2022-01-04T02:59:41Z","2019-02-27T08:42:07Z",0
"luckpunk/MetingJS","https://github.com/luckpunk/MetingJS","2022-01-11T08:02:56Z","2019-02-27T08:42:07Z",0
"BluesYoung-web/MetingJS","https://github.com/BluesYoung-web/MetingJS","2022-01-16T08:13:02Z","2019-02-27T08:42:07Z",0
"IngridMi/MetingJS","https://github.com/IngridMi/MetingJS","2022-03-01T19:38:53Z","2019-02-27T08:42:07Z",0
"TaylorLottner/MetingJS","https://github.com/TaylorLottner/MetingJS","2022-03-07T15:52:00Z","2019-02-27T08:42:07Z",0
"Cookiesnob/MetingJS","https://github.com/Cookiesnob/MetingJS","2022-03-22T05:46:12Z","2019-02-27T08:42:07Z",0
"FrostleafChan/MetingJS","https://github.com/FrostleafChan/MetingJS","2022-03-31T00:58:13Z","2022-04-04T09:58:19Z",11
"wdhqwe520/MetingJS","https://github.com/wdhqwe520/MetingJS","2022-04-30T13:38:48Z","2019-02-27T08:42:07Z",0
"oeyoews/MetingJS","https://github.com/oeyoews/MetingJS","2022-05-11T02:07:01Z","2023-02-13T09:30:03Z",2
"yumc78/MetingJS","https://github.com/yumc78/MetingJS","2022-05-25T00:53:47Z","2019-02-27T08:42:07Z",0
"MoeCinnamo/MetingJS","https://github.com/MoeCinnamo/MetingJS","2022-05-31T07:16:08Z","2019-02-27T08:42:07Z",0
"bitruss/MetingJS","https://github.com/bitruss/MetingJS","2022-06-10T02:37:22Z","2019-02-27T08:42:07Z",0
